timestamp,sex,height_cm,weight_kg,arm_span_cm,years_climbing,max_v_grade,project_v_grade,max_route_grade,project_route_grade,sessions_per_week,climbing_hours_per_week,training_hours_per_week,max_hang_halfcrimp_18mm_10s_kg,max_hang_opencrimp_18mm_10s_kg,min_edge_halfcrimp_mm,min_edge_opencrimp_mm,max_pullup_reps,weighted_pullup_5rm_kg,max_pushup_reps
1/29/2017 20:12:46,Male,173,77,178,4.5 - 5 years,V8,V6,,,4,8,6,0,0,0,0,15,29kg,40
1/29/2017 20:17:27,Male,180,81,180,3 - 3.5 years,V3,V1,17,,1,3,10,,81kg,,,11,5kg,24
1/29/2017 20:28:14,Male,178,67,175,.5 - 1 years,V7,V5,21,19,3,4,3,25,81kg,,,17,20 kg,
1/29/2017 20:51:08,Male,173,70,178,9 - 9.5 years,V5,V3,21,18,2,6,1,15,,,,8,,30
1/29/2017 21:03:19,Male,184,84,197,6.5 - 7 years,V10,V7,,,6,10,2,,,8,8,,,
1/29/2017 21:03:28,Male,176,67,170,5 - 5.5 years,V7,V7,22,18,0,0,0,,,,,9,,15
1/29/2017 21:25:54,Male,184,75,181,1 - 1.5 years,V4,V2,,,2,4,0,,,,,15,"17,5kg",Don't know
1/29/2017 22:10:27,Male,186,88,192,1.5 - 2 years,V5,V3,23,21,3,8,8,,,,,9,25kg,25
1/29/2017 22:43:43,Male,185,60,180,.5 - 1 years,V2,V1,21,18,1,3,1,,,,,,,
1/29/2017 23:28:42,Male,180,80,-,8.5 - 9 years,V9,V6,,,4,3,8,60,,,,,,
1/29/2017 23:37:06,Male,178,81.6,178,5.5 - 6 years,V7,V5,25,21,2,4,0,0,0,?,?,7,?,30
1/29/2017 23:42:34,Male,175,60,180,5.5 - 6 years,V8,V8,30,28,2,6,0,,,,,,,
1/29/2017 23:46:55,Female,168,54,170,1 - 1.5 years,V6,V4,25,22,4,8,8,,,,,12,,30
1/30/2017 0:23:36,Female,157.5,50.8,158,2.5 - 3 years,V4,V2,23,19,2,4,1,,,,,3,,
1/30/2017 0:24:52,Male,163,65,165,5 - 5.5 years,V11,V7,,,4,12,4,60,50,6,6,35,65,120
1/30/2017 0:30:09,Male,174,70,178,1 - 1.5 years,V3,V2,22,20,0,1,0,,,,,10,,10
1/30/2017 0:30:18,Male,188,100,195.6,3.5 - 4 years,V9,V5,25,22,4,10,3,22,23,"14mm, can hang 8mm less than 10. No steps between",14mm,>20,85 lbs,40
1/30/2017 0:31:44,Female,164,53,170,2 - 2.5 years,V6,V4,,,3,6,3,,,,,11,,
1/30/2017 0:38:22,Male,176,60,177,2.5 - 3 years,V7,V5,25,23,3,8,2,-,-,-,-,10,-,30
1/30/2017 0:45:14,Male,175,63.5,180,3.5 - 4 years,V10,V8,,,3,9,3,50,,6,,,,
1/30/2017 0:50:13,Male,190,82,197,2.5 - 3 years,V6,V4,24,20,3,4,2,10,0,18,18,10,15,30
1/30/2017 0:55:13,Male,177,66,178,7.5 - 8 years,V7,V6,29,26,3,8,1,0,0,10mm,10,20,0,40
1/30/2017 1:06:26,Male,179,69,178,12 - 12.5 years,V10,V8,31,21,3,5,7,14,16,10,10,12,10kg,20
1/30/2017 1:10:02,Male,185.4,82,186,4 - 4.5 years,V7,V5,28,24,3,4,2,49.8,,,,,,
1/30/2017 1:17:20,Female,165.1,53,165.1,3.5 - 4 years,V3,V1,22,21,5,10,3,,,,,5,0,11
1/30/2017 1:18:37,Female,157,47,155,8 - 8.5 years,,V3,27,24,4,6,6,,,,,,26lb,
1/30/2017 1:19:51,Male,180,79.5,185,0 - .5 years,V4,V3,,,3,6,3,,,,,18,30,50
1/30/2017 1:29:32,Male,186,73,190,2 - 2.5 years,V5,V3,23,20,2,6,1,,,,,12,?,10
1/30/2017 1:37:45,Male,183,100,185,2 - 2.5 years,V6,V4,25,22,2,4,0,,,,,12,25,70
1/30/2017 1:44:47,Male,167,60,179,3.5 - 4 years,V9,V4,22,16,3,6,3,30,,8,,13,35,22
1/30/2017 1:56:42,Male,173,86,173,1.5 - 2 years,V6,V4,23,22,3,4,4,30,35,16,14,32,65#,286
1/30/2017 2:05:50,Male,182,72,182,More than 15 years,V11,V9,31,,3,4,2,62,62,,"6mm, 5kg",25,55,25
1/30/2017 2:09:41,Male,170,64,165,.5 - 1 years,V6,V5,25,23,1,3,3,,,,,16,,115
1/30/2017 2:12:00,Male,182,76,180,4.5 - 5 years,V6,V4,26,20,1,3,3,,,,,10,,20
1/30/2017 2:17:43,Male,175,177,168,3.5 - 4 years,V9,V7,27,23,2,5,3,,30,,,25,35,
1/30/2017 2:22:24,Male,178,70.3,178,0 - .5 years,V4,V2,17,17,3,5,3,,,,,18,50,40
1/30/2017 2:27:58,Male,183,80,187,1.5 - 2 years,V4,V3,20,20,3,6,0,,,,,10,,50
1/30/2017 2:29:03,Male,175,85,180,3 - 3.5 years,V8,V5,25,21,4,8,3,,,,,,,
1/30/2017 2:34:07,Male,182,73,184,14.5 - 15 years,V8,V6,,,3,2,5,,50,,6,15,35,
1/30/2017 2:38:09,Male,173,58,173,1.5 - 2 years,V8,V6,,,2,5,2,25,,,,,20,40
1/30/2017 2:40:27,Male,62,172,184,8 - 8.5 years,V11,V8,29,28,3,7,5,50,55,"5mm, 1KG",,13,,20
1/30/2017 2:49:27,Male,193,79,193,2 - 2.5 years,V8,V5,25,24,3,7,6,,,,,20,,30
1/30/2017 3:13:26,Male,174,65,176,1 - 1.5 years,V5,V3,22,20,3,8,1,,,,,15,N/a,40
1/30/2017 3:22:25,Male,186,72.5,190,2 - 2.5 years,V8,V5,27,24,4,8,8,38.5,,,,20,30,15
1/30/2017 3:56:50,Male,188,73,189,0 - .5 years,,,17,15,1,3,8,,,,,16,,105
1/30/2017 3:58:36,Female,172.72,79.3787,85,2.5 - 3 years,V3,V2,22,21,4,10,2,,,,,1,0,10
1/30/2017 3:58:54,Male,182,79,184,2.5 - 3 years,V6,V4,22,20,3,10,1,5,2,,,12,15,50
1/30/2017 4:09:26,Male,178,74,170,.5 - 1 years,V5,V4,21,19,4,10,0,,,,,,,
1/30/2017 4:12:21,Male,170,59,172,2.5 - 3 years,V8,V5,,,5,17,3,,,10,10,20,90lb,
1/30/2017 4:15:56,Female,168,69,165,4.5 - 5 years,V6,V4,25,20,4,8,1,,,,,6,0,30?
1/30/2017 4:17:46,Male,185,79,185,2.5 - 3 years,V6,V5,27,23,5,12,2,,80,,9,,,
1/30/2017 4:18:32,Male,195,85,-,1.5 - 2 years,V5,V3,,,3,5,2,,,,,,,
1/30/2017 4:18:32,Male,176,63.5,175,2.5 - 3 years,V9,V7,29,27,3,8,4,,,6,,,,
1/30/2017 4:18:52,Female,165,56,165,3 - 3.5 years,V6,V4,23,20,3,9,2,,,,,,,
1/30/2017 4:34:53,Male,178,72,180,10 - 10.5 years,V9,V6,29,26,4,7,6,13,32,8mm,9mm,18,32kg,
1/30/2017 4:39:08,Male,185,73,187,6.5 - 7 years,V11,V9,32,30,5,10,6,53,,,,,,
1/30/2017 4:47:42,Male,182.8,76,189,More than 15 years,V8,V4,29,24,2,4,8,38 kg,50 kg,"13 mm, 9 kg","13mm, 22.7 kg",12?  I don't work on bodyweight pullups for reps.,? dont work this.  10kg?,? 20 good one?  dont work for max numbers
1/30/2017 4:50:55,Male,178,72,178,1.5 - 2 years,V8,V5,24,21,3,10,3,,,,,10,,
1/30/2017 5:09:07,Male,180,86,177,.5 - 1 years,V7,V5,32,27,3,9,2,0,0,0,0,45,N/A,112
1/30/2017 5:09:27,Male,174,75,180,11.5 - 12 years,V6,V4,28,25,3,8,0,,,,,20,20 kg,25
1/30/2017 5:09:41,Male,178,59,183,2.5 - 3 years,V8,V6,25,22,3,6,3,10,10,15,15,12,150,30
1/30/2017 5:15:48,Male,175,73,183,0 - .5 years,V2,V2,,,2,4,2,,,,,12,,33
1/30/2017 5:18:43,Male,178,70,195,14.5 - 15 years,V13,V11,33,31,4,12,4,56,66,,,25,106kg total (36kg added to BW),40
1/30/2017 5:30:52,Female,170,59,173,1 - 1.5 years,,,23,21,4,7,12,,,,,3,,
1/30/2017 5:38:29,Male,177,70,185.5,5 - 5.5 years,V7,V6,26,25,4,7,1,,17,,,,,
1/30/2017 5:42:30,Male,178,75,180,5.5 - 6 years,V7,V5,21,19,4,5,5,0,-20,n/a,n/a,12,+45,45
1/30/2017 5:43:58,Female,165,65,163,4.5 - 5 years,V4,V2,21,19,4,9,0,0,0,0,0,1,0,0
1/30/2017 5:49:36,Male,174,73,179,4 - 4.5 years,V7,V5,27,24,3,5,2,29,unknown,unknown,unknown,15,+40kg,35
1/30/2017 5:51:27,Male,180,65.77,185,8 - 8.5 years,V11,V8,,,4,5,10,75,70,,,30,50,
1/30/2017 6:01:41,Female,171,74,178,2.5 - 3 years,V5,V4,25,23,1,3,0,,,,,2,0,45
1/30/2017 6:08:14,Male,170,66.5,171,10.5 - 11 years,V4,V3,24,18,2,4,8,Can't do 18mm,Can't do 18mm,20mm,20mm,10,0,30
1/30/2017 6:11:16,Male,188,87,200,1 - 1.5 years,V6,V4,22,19,3,7,2,,,,,8,0,5
1/30/2017 6:17:09,Male,180,74,180,2 - 2.5 years,V8,V4,24,21,3,9,0,30 no hang,20 no hang,,,12,195lbs total (including bodyweight) ,30
1/30/2017 6:42:00,Male,186,70,196,0 - .5 years,V5,V2,22,20,4,10,0,,,,,,,
1/30/2017 6:43:37,Male,177,61.2,177,1 - 1.5 years,V5,V3,,,3,5,3,,,,,,,
1/30/2017 7:02:58,Male,175,73,177,More than 15 years,V7,V4,32,29,3,5,2,,,,,3 x 8,,3 x 8
1/30/2017 7:04:53,Male,168,55,173,5.5 - 6 years,V13,V8,,,3,5,3,,,,,,,
1/30/2017 8:08:40,Male,193,90,195,3 - 3.5 years,,,25,19,3,9,1,,,,,23,90kg bodyweight + 35kg =125kg,
1/30/2017 8:09:45,Male,175,56.7,177.5,8 - 8.5 years,V10,V7,,,3,9,1,,,,,20,,
1/30/2017 8:19:31,Male,160,52,163,2 - 2.5 years,V7,V5,,,3,9,9,9,16,,,15,16,50
1/30/2017 8:43:42,Male,185,67,Dont know,6 - 6.5 years,,,22,17,2,1,4,,,,,,,
1/30/2017 9:00:54,Male,177,71,178,More than 15 years,V10,V8,30,27,3,7,2,,55,10,14,25,32kg,25
1/30/2017 9:07:50,Male,160,44,167,4.5 - 5 years,V9,V6,,,7,12,12,55,,6,,,+16 kg,
1/30/2017 9:27:21,Male,172,68,172,2 - 2.5 years,V9,V7,,,3,4,5,,28,6,,25,+100 lbs,Not sure
1/30/2017 10:04:20,Male,180,63,177,More than 15 years,V9,V7,27,24,3,4,6,35,43,10 +13,12 +25,22,20,35
1/30/2017 10:40:11,Male,184,78,184,4 - 4.5 years,V11,V8,26,,4,11,2,35+,35+,"10mm, 5kg","10mm, 10kg",15-20,30+kg,50+
1/30/2017 11:02:31,Male,183,77.5,193,2.5 - 3 years,V10,V7,,,5,12,6,38.5 kg,55 kg,7mm + 7.5kg,7mm+ 12.5kg,18,+37.5 kg,42
1/30/2017 11:06:40,Male,182,78,190,3 - 3.5 years,V7,V4,22,19,3,2,3,0,0,0,0,20,,50
1/30/2017 11:13:05,Male,184,90,186,More than 15 years,V8,V4,26,22,2,4,0,,,,,,,
1/30/2017 11:13:32,Male,178,68,178,2 - 2.5 years,V8,V6,26,24,2,6,0,,,,,,,
1/30/2017 11:18:57,Male,178,79,172,13 - 13.5 years,V8,V5,30,24,4,9,0,,,,,12,,25
1/30/2017 11:24:46,Male,190,87,194,.5 - 1 years,V3,V2,17,17,2,2,2,,,,,8,25,12
1/30/2017 11:40:48,Male,185,86,188,10 - 10.5 years,V7,V5,,,2,5,1,,,,,15,,20
1/30/2017 11:45:35,Male,176,70,180,0 - .5 years,V3,V2,22,20,2,6,0,N/A,N/A,N/A,N/A,19,Don't know,50
1/30/2017 11:50:58,Male,185,68,188,4 - 4.5 years,V8,V5,25,25,3,3,0,,,,,10,,10
1/30/2017 12:13:21,Male,183,84,190.5,1 - 1.5 years,V8,V6,25,20,6,5,10,22.68kg,,,,14,27.22kg,30
1/30/2017 12:25:06,Male,185,82,178,1 - 1.5 years,V6,V4,24,19,3,9,0,,,,,16,,25
1/30/2017 12:43:54,Male,184,75,187,3.5 - 4 years,V7,V5,25,22,3,12,6,0,0,,,20,20,50
1/30/2017 12:47:11,Female,175,55,167,11.5 - 12 years,,,25,20,2,6,1,,,,,,,
1/30/2017 12:47:46,Male,188,83.5,???,4 - 4.5 years,V6,V5,24,22,3,8,3,,,,,,,
1/30/2017 13:15:52,Male,187.96,73.5,193,2.5 - 3 years,V8,V5,,,3,6,3,22.5,,,,,,
1/30/2017 13:17:37,Male,172,67,178,4 - 4.5 years,V9,V7,28,26,4,10,10,,,,,20?,40kg,70?
1/30/2017 13:31:00,Male,183,68,182,2 - 2.5 years,V6,V4,23,20,3,8,1,,,,,,,
1/30/2017 13:39:55,Female,157.5,48.5,157,2.5 - 3 years,V7,V5,27,23,4,8,4,,,,,7,,
1/30/2017 13:43:02,Male,180,73.4,183,7 - 7.5 years,V10,V6,,,3,2,5,,,,,25,,45
1/30/2017 13:54:44,Male,177,59,177,.5 - 1 years,V6,V4,22,18,3,7,0,,,,,15,Don't know,50
1/30/2017 13:55:18,Male,178,58,?,1.5 - 2 years,V6,V4,,,2,5,1,,,,,10,,25
1/30/2017 14:10:08,Male,181,74,no idea,0 - .5 years,V5,V3,,,3,6,0,,,,,maybe 5,no idea,about 20
1/30/2017 14:11:25,Female,168,52,172cm,7.5 - 8 years,V6,V4,24,22,3,7,6,,,,,17,,46
1/30/2017 14:31:27,Male,180,71,180,3.5 - 4 years,V5,V4,26,25,4,11,2,11,23,,,,36,
1/30/2017 14:36:32,Male,180,70.3,187,9 - 9.5 years,V11,V8,29,28,4,8,8,45,,,,18,80,21
1/30/2017 14:43:38,Male,182,72.5,182,3 - 3.5 years,V4,V2,20,16,2,5,0,,,,,10,,50
1/30/2017 14:44:23,Male,178,85,186,5.5 - 6 years,V8,V4,26,21,1,3,3,,,,,20,Don't know,80
1/30/2017 14:46:51,Male,183,93,183,.5 - 1 years,V6,V4,,,3,4,1,,,12,12,18,BW+60lbs,40
1/30/2017 14:48:34,Male,172,67,174,5.5 - 6 years,V6,V4,26,20,2,5,0,,,,,,,
1/30/2017 14:53:03,Male,176,58,179,5.5 - 6 years,V10,V8,28,25,4,12,6,10kg,10kg,8mm,8mm,50,20kg,50
1/30/2017 14:56:03,Male,181,79.4,182,2.5 - 3 years,V9,V7,28,27,5,9,3,7,,,,30,45,lots?
1/30/2017 14:57:46,Male,183,71.2,183,10 - 10.5 years,V7,V6,25,24,3,7,1,27,,7,9,14,,
1/30/2017 15:02:47,Male,171,74,180,4.5 - 5 years,V6,V4,27,25,3,7,0,not applicable ,not applicable ,not applicable ,not applicable ,20,45,75
1/30/2017 15:08:42,Male,175,50,110,10.5 - 11 years,V7,V4,21,19,1,3,8,-,-,-,-,10,?,20
1/30/2017 15:13:46,Male,190,100,N/A,0 - .5 years,V1,V0,,,2,4,0,,,,,10,10,
1/30/2017 15:15:20,Male,178,78,185,3 - 3.5 years,V7,V4,23,20,4,6,8,,,,,15,7,40
1/30/2017 15:20:45,Male,173,61.2,166,4 - 4.5 years,V9,V7,29,27,5,14,6,,,,,,,
1/30/2017 15:49:21,Male,167,60.5,169,4.5 - 5 years,V8,V6,26,26,2,4,2,15,15,Unknown,Unknown,Unsure,Unsure,Unsure
1/30/2017 15:50:28,Male,175,86,?,2 - 2.5 years,V6,V4,25,23,4,12,4,5,4,,5,15,10,27
1/30/2017 15:57:33,Male,185,72,183,13 - 13.5 years,V11,V8,30,29,3,2,6,25,20,6mm 10kg,,,,
1/30/2017 16:07:26,Male,178,75,176,1 - 1.5 years,,,23,20,0,0,2,,,,,24,20kg,46
1/30/2017 16:18:39,Male,179,70,178,11.5 - 12 years,V6,V4,27,23,2,6,2,,,,,15,,
1/30/2017 16:25:32,Male,175,68,175,3.5 - 4 years,V9,V7,26,24,4,6,3,,,,,,,
1/30/2017 16:31:02,Male,170,70,?,8 - 8.5 years,V7,V5,,,1,2,1,,,,,6,20 kg,
1/30/2017 16:35:57,Male,165,63,169,14.5 - 15 years,V10,V6,24,22,1,3,1,30,30,20,20,20,10,50
1/30/2017 16:46:51,Female,163,53,161,1 - 1.5 years,V3,V2,22,20,2,5,2,,,,,2,,
1/30/2017 16:57:22,Male,1.68,60,1.68,6 - 6.5 years,V5,V3,24,23,2,3,2,4.5,,,,,12kg,
1/30/2017 17:16:10,Male,178,75,180,13 - 13.5 years,V10,V7,,,4,16,4,45,45,8,,25,135 lbs,50
1/30/2017 17:44:46,Male,177.4,66,177.9,More than 15 years,V10,V7,30,27,4,2,6,16,16,N/A,N/A,N/A,35,30
1/30/2017 17:51:24,Male,191,84,195,2 - 2.5 years,V3,V1,19,17,1,3,0,,,,,15,?,?
1/30/2017 18:11:58,Female,172,67,175,7.5 - 8 years,V9,V8,28,27,4,1,9,,,,,12,,
1/30/2017 18:25:14,Male,180.5,65.8,190.5,1.5 - 2 years,V8,V6,25,23,3,9,1,N/a,N/a,N/a,N/a,15?,N/a,15?
1/30/2017 18:30:50,Male,172,59,172,2.5 - 3 years,V7,V4,,,4,12,0,,,,,15,40,
1/30/2017 18:31:27,Female,153,45.5,155,0 - .5 years,V3,V2,17,17,2,4,0,,,,,5,0,24
1/30/2017 18:46:40,Male,163,62,173,4 - 4.5 years,V10,V8,26,24,4,14,6,40,50,"14mm, 27kg",Never Tested,15,,
1/30/2017 18:58:43,Male,171,64,172,1 - 1.5 years,V8,V4,,,3,8,0,,,,,19,,50
1/30/2017 19:22:26,Male,178,65,179,3 - 3.5 years,V6,V4,,,2,7,1,,,,,don't know,i don't do weighted pull ups,don't know
1/30/2017 19:23:51,Male,190,78,190,1.5 - 2 years,V6,V4,29,29,3,5,2,,,,,6,,20
1/30/2017 19:29:35,Female,152,51,Not sure,1 - 1.5 years,V5,V3,22,19,3,7,4,,,,,8,Dont know,25
1/30/2017 19:52:07,Female,1.68,44,174,1.5 - 2 years,V2,V1,20,16,1,0,2,,,,,2,,20
1/30/2017 19:57:25,Male,194,84,196,7 - 7.5 years,V8,V7,29,27,3,4,3,,,"14mm, 47,5",,,,
1/30/2017 20:03:39,Female,163,57,150,.5 - 1 years,V3,V2,13,13,2,4,0,,,,,2,,30
1/30/2017 20:49:08,Female,170,160,170,1.5 - 2 years,V5,V4,,,4,12,0,,,,,,,
1/30/2017 21:01:53,Male,188,73,199,0 - .5 years,V6,V5,,,4,1,6,6,3,,,74,20,100
1/30/2017 21:05:27,Male,178,73,178,More than 15 years,V9,V6,28,26,2,4,4,30,,,,20,30kg,36
1/30/2017 21:12:28,Male,182,72,181,10 - 10.5 years,V11,V9,31,30,5,15,5,42,,,,,,
1/30/2017 21:16:26,Male,165,54,165,6 - 6.5 years,V7,V5,25,23,3,6,3,30,,8,,,20,20
1/30/2017 21:17:56,Male,187,86,Don't know,1.5 - 2 years,V5,V3,,,3,8,0,,,,,,,
1/30/2017 22:49:28,Female,154,50,159,0 - .5 years,V1,V0,,,2,4,2,,,,,,,
1/30/2017 22:53:32,Male,180,74,191,1 - 1.5 years,V9,V6,25,21,5,15,2,18.5,,,,16,30,55
1/30/2017 22:54:26,Male,182,68,182,2.5 - 3 years,V5,V4,25,21,2,6,8,,,,,14,"10,5 kg",
1/30/2017 23:41:40,Male,186,76,180,6.5 - 7 years,V8,V7,25,23,2,5,0,,,,,15,,25
1/30/2017 23:52:08,Female,163,48,150,.5 - 1 years,V3,V2,18,16,1,3,0,,,,,0,0,0
1/31/2017 0:30:00,Male,180,70,183,4.5 - 5 years,V9,V6,,,2,6,0,0,0,0,0,14,no idea,70
1/31/2017 0:59:17,Male,172,58,178,1.5 - 2 years,V12,V8,,,5,12,5,10kg added weight ,I dont open crimp,"Moon hangboard (advanced one) smallest edge, 30 kg added weight",I dont open crimp,25,Dunno,Dunno
1/31/2017 1:14:44,Male,180.3,65.7,180.3,2 - 2.5 years,V5,V3,,,4,8,4,5,15,,,,32,30
1/31/2017 1:15:19,Male,188,72.5,186,1 - 1.5 years,V8,V6,26,24,3,7,3,,,,,,27,
1/31/2017 1:41:42,Male,168,59,165,1.5 - 2 years,V5,V3,,,3,6,3,,,,,15,,30
1/31/2017 1:48:50,Male,160,52,163,1 - 1.5 years,V5,V3,,,2,5,2,20,20,12,12,17,20,30
1/31/2017 2:06:32,Male,192,78,193,1 - 1.5 years,V4,V3,20,18,3,10,0,,,,,8,15,10
1/31/2017 2:30:27,Male,172,95,199,0 - .5 years,V4,V3,,,2,5,0,,,,,8,5kg,45
1/31/2017 2:35:51,Male,190,93,195,3.5 - 4 years,V7,V5,,,4,5,0,,,,,15,,65
1/31/2017 2:37:00,Male,175,77,185,1.5 - 2 years,V9,V6,27,25,3,9,3,,,,,20,,50
1/31/2017 2:46:50,Male,172,75,177,0 - .5 years,V4,V2,17,17,3,2,5,,,,,8,,
1/31/2017 2:53:49,Male,182,77,186,1.5 - 2 years,V7,V6,21,20,3,6,3,,,,,15,,20
1/31/2017 3:05:58,Male,190.5,86.18,191,.5 - 1 years,V7,V6,,,6,9,5,,,,,,,
1/31/2017 3:13:00,Male,177,79,177,.5 - 1 years,V4,V2,18,17,4,8,3,,,,,25,,
1/31/2017 3:58:50,Female,165,65,unknown,1 - 1.5 years,V2,V1,21,18,1,2,0,,,,,2,,27
1/31/2017 4:16:56,Male,180,65,183,1.5 - 2 years,V7,V4,24,22,3,10,0,,,,,"5, maybe, not sure",????,20
1/31/2017 4:25:22,Male,180,74,180,1 - 1.5 years,V6,V4,25,24,3,6,0,,,,,24,,
1/31/2017 4:43:27,Male,173,75,Don't know,.5 - 1 years,V6,V4,,,2,4,1,,,,,8,,
1/31/2017 4:52:13,Male,175,62.6,170,7.5 - 8 years,V10,V7,29,28,4,12,4,38.5,40.8,,,25,31.75 kg,25
1/31/2017 4:52:57,Male,190,76,190,1 - 1.5 years,V5,V4,23,20,2,4,0,,,,,14,,20
1/31/2017 5:28:47,Male,170,68,167,1 - 1.5 years,V4,V3,23,19,4,10,14,,,,,,,
1/31/2017 5:31:16,Male,188,70,180,2 - 2.5 years,V8,V5,,,3,10,0,,,,,,,
1/31/2017 6:22:56,Male,190,80,196,3 - 3.5 years,V7,V5,,,3,8,1,,,,,,,
1/31/2017 6:31:52,Male,165,60.7,163,.5 - 1 years,V7,V5,,,4,6,6,,,,,21,+20 kilo,No clue
1/31/2017 6:33:24,Male,190,83,?,1.5 - 2 years,V4,V3,23,21,3,7,1,,,,,6,,35
1/31/2017 6:37:17,Male,192,78,190,.5 - 1 years,V4,V2,19,17,0,0,0,,,,,,,
1/31/2017 6:59:35,Male,191,82,196,1 - 1.5 years,V6,V5,25,24,2,6,4,,,,,25,,
1/31/2017 7:08:13,Male,198,85,198,.5 - 1 years,V4,V2,22,18,2,4,0,,,,,,,30
1/31/2017 7:31:53,Male,181,74,182,0 - .5 years,V5,V2,20,17,2,5,1,,,190,190,22,what? weight?,44
1/31/2017 8:08:07,Female,168,55.5,167.5,0 - .5 years,V2,V2,22,18,4,6,0,,,,,3,,
1/31/2017 8:40:55,Male,180,74.8,185,4.5 - 5 years,V8,V5,12,11,5,10,4,,47.6,,,,27.2,
1/31/2017 8:42:50,Female,180,76,185,More than 15 years,V9,V7,27,26,4,4,6,18kg??,15kg?,,,13,16kgs,30
1/31/2017 9:09:26,Male,177,68,179,3 - 3.5 years,V6,V4,24,19,3,5,6,-18,,,,25,35,60
1/31/2017 9:34:38,Female,167cm,57,174,13.5 - 14 years,V9,V5,26,24,4,10,4,18,,,,12,25kg,8
1/31/2017 10:30:35,Male,173,63,N/A,3 - 3.5 years,V7,V4,,,3,6,4,,,,,50,,45
1/31/2017 10:42:55,Male,173,127,168,1 - 1.5 years,V7,V5,26,24,3,6,0,unknown,unknown,unknown,unknown,15,unknown,unknown
1/31/2017 13:20:43,Male,173,73.5,173,.5 - 1 years,V4,V2,,,3,5,1,,,,,8,,
1/31/2017 14:28:36,Male,180,79,**,.5 - 1 years,V6,V4,25,21,3,5,8,N/a,9,N/a,18mm +9kg,20,N/a,60
1/31/2017 15:37:43,Male,171,59,177,2.5 - 3 years,V10,V7,27,26,5,15,3,Haven't tested,Haven't tested,Haven't tested,Haven't tested ,15+,24 kg last time i checked ,-
1/31/2017 17:08:15,Male,183,71,74,11.5 - 12 years,V13,V11,31,29,3,3,9,,,,,,,
1/31/2017 17:10:23,Male,175,68,182,.5 - 1 years,V6,V4,24,20,4,12,0,,,,,19,30kg,
1/31/2017 19:39:36,Male,175,72,182,6.5 - 7 years,V12,V8,27,,3,9,1,40,70,6mm,12mm,,35,
1/31/2017 19:45:25,Male,178,85,195,2.5 - 3 years,,V4,21,20,2,5,7,,,17mm,20mm,15,20kg,
1/31/2017 20:04:21,Male,178,71,180,9.5 - 10 years,V8,V5,17,24,4,4,9,30,,"7mm, +20",,,+40,30
1/31/2017 20:11:44,Male,170,66,181,0 - .5 years,V8,V5,26,20,4,7,5,,,,,15,,
1/31/2017 20:51:45,Male,182,73,Dont know,.5 - 1 years,V4,V3,25,21,3,5,1,,,,,,,
1/31/2017 22:00:49,Male,181,73,170,1 - 1.5 years,V6,V4,,,4,9,0,,,,,,,
1/31/2017 22:11:03,Male,189,79,185,9.5 - 10 years,,,29,28,4,6,5,,,,,,,
1/31/2017 22:54:11,Male,186,72,182,More than 15 years,V6,V4,25,21,1,2,0,,,,,14,,
1/31/2017 23:42:02,Male,177,63,188,3.5 - 4 years,V10,V6,29,,6,14,4,,,,,31,BW + 40kg,50
2/1/2017 0:20:13,Male,5 ft 8inches. Im amurican i dont know what centimeters are,135 pounds....so....65 kg?,5 ft 10 inches,9 - 9.5 years,V10,V7,25,,5,9,0,I dont add weight,I dont add weight,Idk the really small one,,Not sure... probably 12-15?,Never do weighted pullups,About 30-40
2/1/2017 0:56:30,Male,182.8,78.7,180,.5 - 1 years,V4,V3,,,3,6,1,,,,,20,,
2/1/2017 1:01:19,Male,175,"82,5",175,6.5 - 7 years,V6,V5,,,4,6,2,"15,5",,,,,60,30
2/1/2017 1:32:32,Male,171,59,60,2.5 - 3 years,V6,V5,,,2,10,1,5,5,,5,20,10,25
2/1/2017 2:03:24,Male,184,75,189,More than 15 years,,,26,23,3,5,1,15,12,,,12,,25
2/1/2017 2:10:14,Male,170,75,170,11 - 11.5 years,V9,V7,28,26,4,7,6,,,,,approx 25,me + 30 lbs,50-60
2/1/2017 2:45:50,Male,196,83,197,4 - 4.5 years,V7,V2,21,18,2,4,0,,,,,15,,30
2/1/2017 4:16:38,Male,180,70,175,1.5 - 2 years,V4,V3,27,22,2,5,0,,,,,5,,14
2/1/2017 4:52:01,Male,178,72.5,182,3 - 3.5 years,V7,V4,24,21,3,6,0,,,,,35,70lbs,50
2/1/2017 4:56:38,Female,159.38,51.7095,170.7,1 - 1.5 years,V6,V4,22,18,3,4,2,,,,,5,,5
2/1/2017 5:25:30,Male,179,87,186,8 - 8.5 years,V2,V2,,,3,6,3,,,,,10,none,12
2/1/2017 5:39:13,Male,166,53,160,2.5 - 3 years,V6,V3,,,3,5,3,,,,,10,,15
2/1/2017 6:50:16,Male,182,65,190,11 - 11.5 years,V10,V6,25,24,1,4,0,0,0,0,0,20,0,40
2/1/2017 8:53:36,Male,182.88,72.5748,unknown,4 - 4.5 years,V6,V4,25,23,3,6,3,,,"12, +0","14, +0",12,+40lbs,22
2/1/2017 9:30:19,Male,168,65,190,3.5 - 4 years,V6,V5,22,20,3,14,2,,,unsure,unsure,15,not sure,30
2/1/2017 11:24:07,Male,176,81,178,More than 15 years,V12,V9,31,29,3,4,3,50kg,,6mm,,15,30,40
2/1/2017 11:47:15,Female,165,53.5,172,8 - 8.5 years,V6,V4,25,22,2,5,5,12.5,10,,,12,15,15
2/1/2017 12:23:35,Male,170,59,152,1 - 1.5 years,V6,V4,,,3,4,0,,,,,20,,
2/1/2017 13:17:01,Male,191,89,201,1 - 1.5 years,V6,V5,23,21,3,10,6,,,,,13,no idea,12 handstand p/u
2/1/2017 15:22:19,Male,188,75,193,More than 15 years,V8,V6,28,25,4,4,4,18,18,,,16,20kg,30
2/1/2017 15:22:22,Female,178,66,178,.5 - 1 years,V5,V3,24,20,6,20,10,,,,,4,,3
2/1/2017 16:53:25,Male,185,72.5,185,3 - 3.5 years,V5,V3,23,19,3,6,2,16,13,,,15,9kg,40
2/1/2017 18:27:24,Male,179,69,175,11 - 11.5 years,V8,V6,30,29,2,5,2,,,,,,,
2/1/2017 18:36:23,Male,183,69,176,More than 15 years,V6,V3,30,28,2,10,3,17,,"12mm, 7,5 kg",,15,,35
2/1/2017 22:20:52,Male,184,68,179,More than 15 years,V10,V7,31,28,3,6,6,,,,,20,,20
2/2/2017 0:09:48,Male,180,79,183,5.5 - 6 years,V9,V6,,,3,9,2,I don't know.,I don't know.,I don't know. I use a moon fingerboard and I rarely hang for 10 s.,I don't know. I use a moon fingerboard and I rarely hang for 10 s.,20,+25 kg,50
2/2/2017 3:50:22,Male,183,70,182,7 - 7.5 years,V9,V7,27,23,3,9,3,54,n/a,7,n/a,20+,27 kg,19
2/2/2017 4:57:51,Male,182,77,180,11 - 11.5 years,V13,V9,29,24,3,7,3,,,,,,,
2/2/2017 5:46:51,Male,178,65,178,3 - 3.5 years,V7,V5,25,21,3,9,1,,20,,,12,,100
2/2/2017 6:59:55,Male,179,68,179,4.5 - 5 years,,,28,25,4,14,0,,,,,7,68+5kg,30
2/2/2017 9:27:39,Male,177,73,183,14 - 14.5 years,V12,V10,30,28,4,12,4,30,40,6,6,20,40,40
2/2/2017 17:00:49,Female,1.67,70 kg ,166,7.5 - 8 years,V6,V4,25,,5,17,5,Na,Na,Na,Na,Na,17kg,Na
2/2/2017 17:33:41,Male,183,73,192,4 - 4.5 years,V5,V4,27,22,1,4,3,,,,,20,40kg,20
2/2/2017 17:48:17,Male,178,66,176,More than 15 years,V6,V5,26,23,3,6,7,,,,,10,Don't know,Don't know
2/2/2017 18:18:54,Male,173,67,173,4 - 4.5 years,V6,V5,25,24,3,6,4,0,0,0,0,15,0,0
2/2/2017 18:50:02,Male,176,70,203,More than 15 years,V9,V4,29,22,3,9,4,20,10,10mm shouldn't add weight...,  10mm shouldn't add weight...,15,20-25,
2/2/2017 19:28:29,Male,176,68,179,9.5 - 10 years,V6,V5,26,24,2,5,5,,,,,,,
2/2/2017 21:57:24,Male,180,63,184,3.5 - 4 years,V10,V6,,,0,0,0,,,,,8,,30
2/2/2017 22:10:29,Female,159,51-53...,161??,7 - 7.5 years,V6,V2,24,18,3,8,4,,,,,7?? ,ha! no need to train that yet,surely under 15?? 10 in a set is suffice for suffering during workouts
2/2/2017 23:10:16,Male,177,58.5,179,10 - 10.5 years,V10,V7,28,26,5,6,5,28,28,,,28,30,
2/3/2017 3:26:55,Male,188,77,188,9.5 - 10 years,V7,V6,26,25,3,9,1,30,,18,,14,,30
2/3/2017 4:53:29,Male,175,62,174,9 - 9.5 years,V11,V7,30,26,3,8,2,,,,,,,
2/3/2017 5:47:13,Male,173 cm,72 kg,173 cm,More than 15 years,V7,V6,32,29,3,12,4,,,,,20,,30
2/3/2017 7:57:27,Male,193,88,198,More than 15 years,V5,V3,23,20,3,8,2,,,14,,11,,28
2/3/2017 12:56:06,Male,188,84,196,3 - 3.5 years,V8,V5,24,23,4,6,7,30,,10,,25ish,30,40
2/3/2017 14:10:15,Male,184,76,186,2 - 2.5 years,V6,V3,23,19,3,8,0,,,,,15,,
2/3/2017 15:04:30,Female,170,55,170,.5 - 1 years,V4,V2,20,18,3,4,1,,,,,8,8,30
2/3/2017 19:02:23,Male,175,68,175,More than 15 years,V5,V1,23,21,1,4,0,,,,,20,unkown,35
2/4/2017 6:51:56,Male,167,61,169,2 - 2.5 years,V9,V7,26,23,2,10,0,,,,,,,
2/4/2017 8:03:04,Male,178,61,179,6 - 6.5 years,V10,V7,29,26,3,8,1,,,,,24,,
2/4/2017 15:30:14,Male,174,64.5,184,.5 - 1 years,V3,V2,,,2,4,0,,,,,,,
2/4/2017 18:02:34,Female,162.5,53,170,12 - 12.5 years,V10,V7,,,3,12,6,20,Don't use open crimp,Didn't do min edge,Didn't do min edge,5,Don't do these,Never tried this
2/4/2017 20:20:18,Male,179,74,179,2.5 - 3 years,V6,V4,,,1,5,4,,,8,9,15,,25
2/5/2017 7:06:09,Male,177,79,177,1 - 1.5 years,V3,V2,,,1,1,0,,,,,10,,30
2/5/2017 9:45:05,Male,172.7,71.67,177.8,2 - 2.5 years,V4,V3,,,3,7,7,,,,,,,
2/5/2017 18:07:51,Male,189,74,192,8 - 8.5 years,V12,V9,32,30,5,13,2,35,,,,25,25,50
2/6/2017 8:03:32,Female,159,53,158,10.5 - 11 years,V7,V4,24,22,2,6,6,,27,,,12,,10
2/6/2017 8:56:41,Male,181,71,183,7.5 - 8 years,V9,V5,29,24,5,8,3,,,,,22,,
2/6/2017 10:08:53,Male,175,57,180,2.5 - 3 years,V7,V4,23,19,3,4,5,,13,,,13,+20 lbs as of a year ago?,
2/7/2017 22:35:46,Male,174,57,180,6 - 6.5 years,V12,V8,,,4,5,12,40,35,8,8,35,45,80
2/8/2017 16:03:25,Male,183,76,190,6.5 - 7 years,V3,V2,25,21,3,12,6,,,,,30,,20
2/9/2017 11:52:18,Male,180,70,180,4.5 - 5 years,V6,V4,15,15,3,6,3,Not done before,Not done before,Not done before,14,Not calculated before,Not calculated before,Not calculated before
2/10/2017 1:16:02,Male,180,68,181,3 - 3.5 years,V10,V7,,,3,5,1,64,64,"8mm, +8",No,15,+30kg,30
2/10/2017 5:59:52,Male,173,77,180,10 - 10.5 years,V7,V5,27,24,4,6,3,32,,8,,16,25kg,
2/10/2017 10:07:34,Male,187,78,183,0 - .5 years,V4,V3,20,19,2,6,0,,,,,,,
2/10/2017 16:28:51,Male,184,76,192,.5 - 1 years,V7,V4,25,23,3,9,5,,,,,23,,35
2/10/2017 17:56:05,Male,178,70,178,2.5 - 3 years,V4,V4,26,25,3,4,2,23,,10,,,23,
2/11/2017 13:33:36,Male,189,80,188,3 - 3.5 years,V7,V5,,,4,10,4,38,38,8 mm,No idea ,20,34,50
2/16/2017 10:22:32,Female,162,56,162,8.5 - 9 years,V10,V7,,,4,4,15,55 lbs,75 lbs, 6 mm 10 seconds,8 mm + 30 lbs 10 seconds,unsure,+40 lbs,unsure
2/18/2017 3:49:18,Male,177.8,65.7,177.8,1 - 1.5 years,V6,V4,25,23,3,10,0,,,,,10,,25
2/18/2017 4:17:34,Female,188,92,193,3.5 - 4 years,V5,V3,,,4,8,3,,,12mm +11.34kg,18mm +18kg,15,18kg,25
2/18/2017 4:35:47,Male,180,158,185,1 - 1.5 years,V4,V3,25,22,4,10,6,,,,,15,,25
2/18/2017 4:52:55,Female,167.5,58,167,.5 - 1 years,V4,V2,24,20,4,7,1,,,,,3,,25
2/18/2017 4:58:21,Male,170,61.2,170,4.5 - 5 years,V10,V8,26,20,1,3,3,0,0,0,0,15,50 lbs,15
2/18/2017 6:19:10,Male,190.5,68.7,193.4,8 - 8.5 years,V11,V7,29,17,3,12,4,,,,,100,,100
2/18/2017 6:22:46,Male,178,59,178,4.5 - 5 years,V8,V5,,,2,4,0,,,,,,,
2/18/2017 6:24:59,Male,183,77,183,1 - 1.5 years,V4,V2,23,18,4,8,0,N/A,N/A,,N/A,N/A,N/A,N/A
2/18/2017 6:45:31,Male,179,70.3,182,1 - 1.5 years,V3,V2,20,18,3,7,1,,,,,8,,
2/18/2017 6:51:58,Male,180,67,180,.5 - 1 years,V4,V4,,,2,5,3,,,,,,,40
2/18/2017 6:55:55,Female,162,53,164,0 - .5 years,V2,V1,15,14,4,8,0,,,,,8,,
2/18/2017 7:02:39,Female,170,54,169,1 - 1.5 years,V3,V2,23,20,3,4,2,,,,,10,,50
2/18/2017 7:11:36,Male,168,68,170,2 - 2.5 years,V3,V1,22,17,5,8,6,,,,,,,
2/18/2017 7:22:09,Male,187.96,74.8,198.12,4.5 - 5 years,V9,V8,28,27,5,10,5,I only open hand ,20.4,-,-,25ish,-,40ish
2/18/2017 7:59:15,Male,188,75,192,5.5 - 6 years,V10,V7,31,27,4,15,4,+65lbs,+30lbs (use a sloping edge though bam board),8mm(rptc),8mm(rptc),,,25
2/18/2017 8:02:42,Male,177,66,183,4.5 - 5 years,,,27,22,3,9,0,,,,,18,,35
2/18/2017 8:36:19,Male,168,63,171,2.5 - 3 years,V7,V5,24,20,3,7,2,,,,,17,30,30
2/18/2017 9:45:18,Male,193,81.6466,Unknown,.5 - 1 years,V4,V2,21,20,3,4,2,,,,,5,,15
2/18/2017 10:11:55,Male,172,72,160,2.5 - 3 years,V5,V4,23,20,2,4,2,-9.5,-6.8,,,,,
2/18/2017 11:05:14,Male,181,72,184,3 - 3.5 years,V9,V7,29,27,2,6,9,,,,,25,27,30
2/18/2017 11:05:54,Female,170,58,180,14 - 14.5 years,V9,V6,26,25,4,12,1,,,,,8-12,0? no idea what this is. ,15
2/18/2017 11:16:55,Male,172,70,180,1.5 - 2 years,V5,V3,25,23,1,2,0,,,,,20,,50
2/18/2017 11:33:29,Male,186,74,190,3 - 3.5 years,V9,V7,,,4,10,2,,,,,15,,20
2/18/2017 13:43:23,Male,183,80,175,.5 - 1 years,V4,V2,22,16,1,3,6,na,na,na,na,15,na,20
2/18/2017 13:50:44,Male,182,79,185,3.5 - 4 years,V6,V5,24,22,2,4,2,,,,,10,,
2/18/2017 15:27:33,Male,178,55,180,.5 - 1 years,V5,V2,,,1,2,0,,,,,15,50,
2/18/2017 15:28:11,Male,177.8,132,177.8,6 - 6.5 years,V7,V5,,,3,6,0,,,,,15,,17
2/18/2017 15:43:27,Male,175,61,177,1 - 1.5 years,V8,V5,24,21,4,10,12,,,,,15,,35-45
2/18/2017 18:13:49,Male,177,81.5,176,1 - 1.5 years,V6,V4,22,20,3,12,2,,,,,6,,
2/18/2017 20:35:08,Female,155,47,157,1.5 - 2 years,V4,V3,,,1,8,3,,,,,12,,31
2/18/2017 22:06:06,Male,187,85,190,.5 - 1 years,V4,V3,29,24,2,4,5,,,,,15,,50
2/19/2017 2:46:57,Male,183,70,190,2.5 - 3 years,V8,V6,24,23,3,8,4,30,30,12,12,18,20,40
2/19/2017 8:53:15,Male,178,63,185,13 - 13.5 years,V11,V8,30,29,3,6,3,45,45,6mm ,6mm,24,35,30
2/19/2017 8:54:28,Female,156,42,130,1.5 - 2 years,V0,V0,18,17,2,4,1,,,,,,,
2/19/2017 14:51:36,Male,165,63,175,4 - 4.5 years,V10,V8,25,,4,15,6,43,,"14, 29",,,,
2/19/2017 18:50:46,Male,177,70,177,0 - .5 years,V2,V1,20,17,1,3,3,,,,,8,,
2/21/2017 2:33:06,Male,178,79.8,178,3 - 3.5 years,V6,V4,21,19,3,5,1,,,,,,,
2/21/2017 12:08:26,Male,177.8,59.87419284,idk,1 - 1.5 years,V9,V5,27,24,5,10,0,,,,,,,
2/22/2017 3:17:11,Male,194,86,n/a,.5 - 1 years,V6,V3,22,20,3,2,6,,,,,25,n/a,25
2/22/2017 5:02:26,Male,172,61,174,3.5 - 4 years,V10,V7,,,4,10,10,16,24,8,8,22,24,60
2/22/2017 18:28:58,Male,178,73.4,190,1 - 1.5 years,V6,V4,,,3,6,3,,,,,15,Body weight + 35 lbs,40
2/24/2017 6:16:27,Male,175,68,175,7 - 7.5 years,V6,V4,25,23,2,5,2,32,30,6,8,15,25,20
2/25/2017 4:18:12,Male,190.5,78,190.5,3 - 3.5 years,V7,V5,25,24,4,8,6,,,"8,+15",,15,20 lbs,25
2/25/2017 9:25:43,Male,187.96,77.1,195.58,2.5 - 3 years,V9,V5,28,22,3,2,2,20.14,20.14,,,25,40.82,30
3/10/2017 17:59:30,Male,184,75,78,4 - 4.5 years,V6,V4,22,21,2,6,2,-10,-15,,,15,+50,
3/11/2017 0:42:32,Male,178,79,181,.5 - 1 years,V6,V4,25,23,3,5,4,,20,,,17,15kg,70
3/18/2017 20:41:51,Female,170,51,168,5 - 5.5 years,V7,V4,28,21,2,4,5,,,,,15,,30
3/21/2017 9:24:53,Male,182,83.6,180,1 - 1.5 years,V6,V3,,,3,5,4,,,,,6,,
4/19/2017 19:35:12,Male,165,68,178,More than 15 years,V13,V10,33,32,3,5,4,One hand? Negative then,,,,10,,30
4/19/2017 22:37:25,Male,177,71,177,.5 - 1 years,V5,V4,,,3,3,3,,,,,15,,20
4/19/2017 23:08:28,Male,183,80,183,2 - 2.5 years,V7,V4,26,22,2,3,1,,,,,15,40,40
4/19/2017 23:11:36,Male,183,70,187,.5 - 1 years,V7,V5,25,22,3,8,1,,,,,18,,
4/19/2017 23:20:10,Female,178,61,170,1 - 1.5 years,V3,V2,19,17,3,9,1,,,,,3,,10
4/19/2017 23:30:10,Male,180,74.8,180,7.5 - 8 years,V10,V9,31,28,4,14,6,,38.5,3mm,,15,,
4/19/2017 23:57:00,Male,175,72,182,0 - .5 years,,,26,25,3,8,1,,,,,18,27,40
4/20/2017 0:00:02,Male,168,59,168,0 - .5 years,V7,V6,22,20,2,3,4,9,9,18,18,12,4.5 kg,20
4/20/2017 0:10:19,Female,162,153,162,1 - 1.5 years,V4,V2,22,18,4,10,1,,,,,,,
4/20/2017 0:31:30,Male,172,72,172,3.5 - 4 years,V7,V5,,,4,4,10,~109kg,n/a,n/a,n/a,20,70lbs,~30
4/20/2017 1:12:01,Male,178,77,178,4.5 - 5 years,V7,V4,27,22,3,8,2,,,,,15,,
4/20/2017 1:47:22,Male,178,81,191,4 - 4.5 years,V6,V3,21,19,2,4,0,,,,,10,,
4/20/2017 2:51:13,Female,152,54,152,1.5 - 2 years,V2,V1,,,1,2,0,,,,,,,20
4/20/2017 2:51:37,Female,160,54.4,160,.5 - 1 years,V4,V3,23,21,2,4,2,,,,,4,,
4/20/2017 3:49:48,Male,196,93,204,0 - .5 years,V6,V3,24,15,3,6,0,,,,,2,,
4/20/2017 4:00:10,Female,160,56,160,2 - 2.5 years,V4,V2,20,17,2,4,1,,,,,5,,40ish
4/20/2017 4:12:13,Male,187.96,77.5643,192,6.5 - 7 years,V7,V4,29,24,2,8,5,9,5,10,18,18,+ 55 lbs,18
4/20/2017 4:19:57,Male,185,66,188,6 - 6.5 years,V10,V6,27,24,4,14,3,?,?,?,?,30,?,50
4/20/2017 5:08:48,Male,184,59,190,4 - 4.5 years,V4,V3,19,17,1,2,0,,,,,4,,20
4/20/2017 5:19:40,Male,189,70,191,2 - 2.5 years,V7,V5,25,23,5,9,1,,,,,,,
4/20/2017 6:28:06,Male,178,81.6,178,.5 - 1 years,V5,V3,,,2,3,0,,,,,18,40,50
4/20/2017 6:30:38,Male,175,58,178,1.5 - 2 years,V8,V5,26,24,4,9,4,20,20,12,12,,50lbs,
4/20/2017 7:09:49,Male,178,66,180,6 - 6.5 years,V8,V6,24,20,3,10,6,,,,,20,-,20
4/20/2017 7:27:26,Male,169,79,162,.5 - 1 years,V4,V3,18,16,3,7,2,,,,,28,75,95
4/20/2017 11:00:30,Male,185,70.3,196,2 - 2.5 years,V7,V5,22,22,3,10,6,0,0,0,0,20,20,35
4/20/2017 11:41:23,Female,165,61,160.6,1 - 1.5 years,V4,V2,19,17,3,7,0,,,,,4,0,
4/20/2017 11:57:44,Male,179,73,181,0 - .5 years,V4,V3,21,17,2,6,0,,,,,18,I don't know,70
4/20/2017 12:10:52,Male,180,72.5,160,1.5 - 2 years,V8,V6,25,22,5,8,4,,,,,25,,100
4/20/2017 12:45:18,Male,178,68,180,2 - 2.5 years,V9,V5,23,21,2,6,5,,20,8,10,25,15,
4/20/2017 13:07:22,Female,158,54,148,2.5 - 3 years,,,19,17,2,6,0,,,,,,,
4/20/2017 14:06:19,Male,183,81,185,6.5 - 7 years,V10,V7,29,27,3,6,0,,,,,,,
4/20/2017 14:07:46,Male,183,86,188,3.5 - 4 years,V7,V5,21,18,3,6,2,86,95,,,13,95kg,40
4/20/2017 14:42:18,Male,170,85,168,1 - 1.5 years,V2,V1,23,19,2,8,2,,,,,8,,10
4/20/2017 22:04:17,Male,185,78,175,.5 - 1 years,V7,V4,24,21,2,5,0,,,,,12,,
4/20/2017 22:04:17,Male,185,78,175,.5 - 1 years,V7,V4,24,21,2,5,0,,,,,12,,
4/20/2017 23:49:06,Male,180,81.65,dunno,2 - 2.5 years,V7,V4,25,21,3,10,2,50,,,,8,,
4/21/2017 1:13:29,Male,178,74.5,177,10.5 - 11 years,V7,V5,25,20,3,5,2,5,22,,,,24,
4/21/2017 1:47:23,Male,178,82,180,1 - 1.5 years,V5,V3,19,17,2,6,0,,,,,,,
4/21/2017 2:26:00,Male,176,76,170,1 - 1.5 years,V6,V5,22,22,3,6,0,,,,,,,
4/21/2017 7:17:11,Male,183,79,181,3.5 - 4 years,V9,V5,27,25,5,24,8,36,36,,,19,34,50
4/21/2017 8:35:20,Male,167,74,167,1 - 1.5 years,V6,V4,,,2,5,0,,,,,,,
4/21/2017 10:14:21,Male,182.9,80,180,3.5 - 4 years,V8,V6,27,24,3,5,4,,,,,20,190,60
4/22/2017 4:41:10,Male,183,80,76,10.5 - 11 years,V9,V6,,,2,3,3,,,,,35,40kg,50
4/22/2017 13:16:54,Male,180,92,190,1 - 1.5 years,V5,V3,19,17,2,4,0,,,,,8,8kg,25
4/23/2017 18:56:39,Female,165,53.5,155 cm,1.5 - 2 years,V6,V5,25,24,4,5,3,,,,,15,,70
4/24/2017 13:56:05,Male,180,70,183,6 - 6.5 years,V9,V7,31,30,5,8,3,35,32,5mm,8mm,25,40kg,30
4/24/2017 19:34:13,Male,192,89,208,1.5 - 2 years,V6,V4,23,21,3,10,4,,,,,12+ (max Untested),unknown,25+ (max untested)
4/25/2017 3:28:23,Male,177.5,72.5,179,.5 - 1 years,V5,V3,19,17,3,4,3,0,0,18mm,18mm,20,21kg,30+
4/25/2017 13:08:12,Female,169,57,170,.5 - 1 years,V3,V1,17,17,2,4,0,,,,,4,,25
4/26/2017 5:41:31,Male,171,68,175,1 - 1.5 years,V8,V5,,,3,6,0,,,,,,,
4/26/2017 7:32:34,Male,180,74.8,184,12 - 12.5 years,V7,V5,29,26,3,8,4,43,?,?,?,?,110 kg (incl. body weight),?
4/26/2017 11:50:50,Male,174,68,175,2 - 2.5 years,V8,V6,24,21,4,5,3,,,,,,,
4/29/2017 18:13:57,Male,194,80,196,0 - .5 years,V3,V2,16,15,4,7,1,0,0,25,25,12,0,45
4/30/2017 6:40:42,Male,183,98,183,5 - 5.5 years,V4,V3,24,20,3,10,2,,,,,9,,
5/1/2017 15:03:19,Male,160,64.41,159.6,5 - 5.5 years,V7,V5,,,2,7,3,,,,,30,,
5/2/2017 3:52:12,Male,179,68,179,7 - 7.5 years,V6,V4,26,18,3,6,1,,,,,12,,
5/4/2017 5:58:23,Male,186,78,190,8.5 - 9 years,V8,V5,27,22,2,4,2,,,,,12,,15
5/8/2017 2:59:05,Male,171,65,168,.5 - 1 years,V3,V2,18,17,3,6,1,,,,,20,45lbs,35
5/26/2017 5:09:10,Male,172,61,180,.5 - 1 years,V8,V6,25,20,4,6,8,36,40,,,35,45,14
6/16/2017 7:44:26,Male,183,79,191,5 - 5.5 years,V9,V7,,,4,8,3,45,45,6,6,20,40,33
6/19/2017 18:56:05,Male,162,56,162,.5 - 1 years,V5,V3,20,18,3,7,1,,,,,12,,35
6/22/2017 20:37:41,Male,182,83,196,8.5 - 9 years,V14,V10,,,4,8,12,120,80,4,5,80,+80,50
7/6/2017 23:37:43,Female,178,64,179,.5 - 1 years,V6,V4,,,3,6,0,,,,,9,0,10
7/21/2017 22:45:48,Male,177,64,192,4 - 4.5 years,V10,V7,30,26,5,20,4,67kg,65kg,13mm + 20kg,13mm + 20kg,30,+50kg,40
9/1/2017 23:27:25,Male,1295,69,1295,10 - 10.5 years,V9,V6,28,25,3,2,4,27,30,18,12,i don't do this,I don't do this,I don't know
9/3/2017 11:15:09,Male,175,66kg,173,.5 - 1 years,V5,V3,,,3,6,0,,,,,10,?,25
11/30/2017 13:24:07,Female,162.5,61,168,3 - 3.5 years,V9,V8,12,12,4,7,8,30,20,"12, 30","12, 20",12,13,40
1/16/2018 6:28:46,Female,163,~55,166,0 - .5 years,V6,V4,24,21,5,12,2,,,,,idk,never tried,idk
1/18/2018 10:00:41,Male,177,74,183,7 - 7.5 years,V10,V7,29,27,3,2,12,39,39,17,17,25,27,69
2/15/2018 9:22:16,Male,185,74,180,1.5 - 2 years,V6,V4,25,24,2,4,4,,,,,,,
3/11/2018 21:18:39,Male,180,78,181,14 - 14.5 years,V10,V7,28,28,4,10,12,52.5,50,8,8,30,57,30
4/18/2018 14:52:25,Male,177.5,72,180,10 - 10.5 years,V6,V4,26,24,3,3,3,,,,,,,
4/23/2018 9:38:43,Male,178,72,176,0 - .5 years,V4,V3,,,3,7,0,,,,,,,
6/29/2018 9:56:41,Male,172,57,172,.5 - 1 years,V6,V4,25,23,3,6,1,,,,,,,
6/29/2018 22:25:30,Male,180,82,180,2.5 - 3 years,V6,V4,24,22,1,2,0,,,,,10,,30
7/28/2018 5:04:16,Male,185,88.45,0,10 - 10.5 years,V9,V6,12,11,3,5,2,27.21,29,8,7,20,60,50
8/28/2018 19:31:05,Male,174,75,178,2 - 2.5 years,V5,V4,24,20,3,3,4,,,14,14,12,,45
8/30/2018 0:44:17,Male,183,85,187,2 - 2.5 years,V5,V3,22,18,3,9,2,1,10,"18,+1","18,+10",,,
8/30/2018 4:40:02,Male,176,68,176,1.5 - 2 years,V8,V6,,,2,4,2,,,14mm +5kg,14mm +2kg,,,
9/3/2018 17:34:47,Male,180,64,180,3.5 - 4 years,,,29,22,4,6,3,46,46,,,,,
9/5/2018 9:43:19,Male,171,59,171,1 - 1.5 years,V7,V5,28,24,3,10,2,,,,,,,30
11/2/2018 10:40:48,Male,180,70,183,7.5 - 8 years,V11,V9,32,30,4,11,5,57,55,5mm,5mm,28,+35 kg,35
11/9/2018 11:12:44,Male,179,72,182,2 - 2.5 years,V6,V4,23,21,5,6,5,,,,,,35kilo,
11/9/2018 21:06:15,Male,172,88,174,10 - 10.5 years,V8,V5,,,3,4,2,45,,,,12,,
11/14/2018 13:41:20,Male,180,70,180,8 - 8.5 years,V9,V6,28,25,4,3,2,58,41,,,,,
11/23/2018 0:30:51,Male,173,64,186,10 - 10.5 years,V12,V10,,,7,14,8,60kg,,12mm + 40kg,,37,50kg,80
12/3/2018 20:19:27,Male,178,68,180,9.5 - 10 years,,,31,29,4,7,10,36,,8,,,25,
12/3/2018 23:43:07,Male,162,53,161,1.5 - 2 years,V5,V3,22,,2,2,2,,,,,20,,40
12/4/2018 0:23:45,Male,173,63,185,7 - 7.5 years,V13,V9,,,4,3,4,,,,,25,75,
12/4/2018 1:19:02,Male,185,100,187,1.5 - 2 years,V5,V2,18,16,2,3,0,,,,,20,30,45
12/4/2018 1:49:36,Male,185,65,183,2 - 2.5 years,V7,V5,27,25,2,7,1,,,,,6,0,15
12/4/2018 2:35:38,Male,191,113,180,0 - .5 years,V3,V0,18,15,2,4,6,,,,,0,0,25
12/4/2018 3:10:21,Male,172,75,170,.5 - 1 years,V4,V3,18,18,3,8,2,,,,,20,,
12/4/2018 4:30:09,Male,170,68,190,1.5 - 2 years,V5,V3,11,11,1,2,0,N/A,N/A,N/A,N/A,15,150,50
12/4/2018 7:09:59,Male,175.26,70.3,174,.5 - 1 years,V7,V5,24,22,6,10,3,,,,,17,45 lbs,40
12/4/2018 7:18:49,Female,167,70,165,8 - 8.5 years,V11,V7,28,26,5,10,8,,,8,9,12,18 kg,20
12/10/2018 6:57:31,Female,162.56,56.699,162.56,10 - 10.5 years,V6,V4,25,21,3,7,1,,,,,5,,20
12/10/2018 7:31:21,Male,175,63.5,185,4.5 - 5 years,V8,V7,,,5,9,2,30,30,"8mm, +5kg","8mm, +5kg",30,40,30
12/10/2018 7:55:23,Male,178,66,188,3 - 3.5 years,V6,V4,25,22,3,5,1,,,,,16,,35
12/10/2018 8:45:47,Male,187,72,190,2.5 - 3 years,V8,V6,25,20,3,10,2,20,30,6mm,10mm,18,20kg,?
12/10/2018 9:27:16,Male,175,64,177,3 - 3.5 years,V6,V6,25,24,3,6,11,,,,,18,20,
12/10/2018 9:38:01,Female,167,73,176,0 - .5 years,V2,V0,13,12,2,3,2,,,,,0,0,25
12/10/2018 9:43:51,Male,183,67,176,1 - 1.5 years,V6,V4,25,21,3,7,2,,,,,18,10,40
12/10/2018 9:48:55,Male,186,70,190,2 - 2.5 years,V6,V4,,,3,8,2,0,0,0,0,15,0,30
12/10/2018 9:51:31,Male,174,60,179,0 - .5 years,V6,V4,25,24,4,3,0,,,,,10,,30
12/10/2018 9:54:14,Male,178,66,182,8.5 - 9 years,V11,V8,,,4,10,1,,,,,25,,
12/10/2018 10:11:26,Male,179,66.22,179,3 - 3.5 years,V8,V5,12,11,4,9,3,,,10,15,22,,50
12/10/2018 11:01:04,Female,165,53,164,4 - 4.5 years,V4,V3,24,20,2,2,2,0,0,0,0,3,0,10
12/10/2018 13:11:52,Male,182.88,65.7,180,1 - 1.5 years,V6,V4,22,19,2,3,0,,,,,,,
12/10/2018 13:19:50,Male,180,86,180,1 - 1.5 years,V5,V4,25,23,3,3,3,0,0,0,0,10,0,30
12/10/2018 13:44:12,Male,184,87,185,2 - 2.5 years,V4,V3,20,17,3,2,3,0,0,0,0,13,20,50
12/10/2018 14:17:37,Male,188,65,190,1 - 1.5 years,V4,V3,25,18,2,4,0,,,,,12,,50
12/10/2018 17:17:36,Male,180,76,187,1.5 - 2 years,V6,V4,24,23,3,3,3,20,0,12,18,22,35,50
12/10/2018 20:25:19,Male,193,76,200,0 - .5 years,V4,V2,19,18,2,4,0,,,,,12,,
12/11/2018 2:37:14,Male,177,69,172,.5 - 1 years,V5,V3,,,3,8,1,,,,,3,,
12/11/2018 4:35:04,Male,180,72,180,3 - 3.5 years,V8,V5,26,24,4,12,9,22.6,20.4,8,8,20,27.2,27
12/11/2018 9:20:10,Male,167,62.5,172,1 - 1.5 years,V7,V4,24,22,4,12,0,,,,,25,15kg,20
12/11/2018 9:37:04,Male,173,130,178,2 - 2.5 years,V7,V4,25,21,3,6,0,,,,,15,,
12/11/2018 17:21:52,Male,177.8,58.967,185.928,4.5 - 5 years,V9,V7,,,4,8,0,I don't hangboard,I don't hangboard,I don't hangboard,I don't hangboard,13,20lb,4
12/11/2018 18:14:17,Male,180,59,185,3 - 3.5 years,V5,V3,,,2,6,0,,,,,11,,25
12/12/2018 4:39:16,Male,176,73.3,184,6.5 - 7 years,V7,V4,25,20,2,4,2,,,,,12,,
12/12/2018 5:58:23,Female,165,63.5,164,3.5 - 4 years,V6,V3,26,23,2,6,1,,,,,10,,
12/13/2018 7:06:12,Male,178,72,177,1 - 1.5 years,V4,V3,20,19,3,3,5,0,0,15,15,15,55,30
12/14/2018 8:36:56,Female,160,117,160,.5 - 1 years,V5,V3,22,20,3,8,0,,,,,5,,
12/14/2018 8:48:32,Female,168,140,170,5.5 - 6 years,V6,V2,22,18,2,3,4,,,,,3,0,
1/5/2019 6:42:12,Male,193,86,193,1 - 1.5 years,V7,V2,23,17,3,9,0,,,,,10,,
1/8/2019 5:30:50,Male,175,77,179,2 - 2.5 years,V6,V4,,,3,6,0,10,5,12,15,15,15,25
1/9/2019 19:41:07,Male,188,82,186,0 - .5 years,V4,V3,23,21,3,11,1,,,,,9,,50
1/24/2019 14:37:04,Female,171,68,167,3.5 - 4 years,V5,V4,,,3,7,0,,,,,6,,15
3/2/2019 7:24:21,Male,186,80,188,10.5 - 11 years,V9,V6,,,3,3,3,25,25,8,8,15,30,30
3/7/2019 10:13:45,Female,167.64,56.699,167.64,2.5 - 3 years,V8,V6,27,25,4,16,3,,,,,20,+15 kg,unknown
3/13/2019 4:38:45,Male,185,78,185,7 - 7.5 years,V8,V4,26,21,2,3,10,44,44,8,8,12,20,25
3/19/2019 0:17:10,Male,180,72.5,185,9.5 - 10 years,V8,V4,28,19,2,5,1,,,,,14,,25
4/4/2019 2:31:55,Male,175,65.5,177,4 - 4.5 years,V8,V5,26,24,2,5,2,,,,,15,16kg,30
4/4/2019 5:44:37,Male,183,73,188,1.5 - 2 years,V10,V8,25,24,3,6,3,10,20,10,10,55,60,118
4/27/2019 3:01:06,Male,180,165,180,3 - 3.5 years,V8,V5,26,24,4,10,8,,,,,25,+70 lbs,50
5/21/2019 8:59:00,Male,175,67,179,1 - 1.5 years,V7,V5,,,4,8,4,,,,,20,27,
5/21/2019 18:00:09,Male,175,175,178,9 - 9.5 years,V6,V4,26,24,2,5,1,N/A,N/A,N/A,N/A,17,35lbs,50
6/15/2019 10:56:18,Male,179,63,181,.5 - 1 years,V4,V2,,,2,4,4,,,,,15,75,16
6/15/2019 10:56:31,Male,179,63,181,.5 - 1 years,V4,V2,,,2,4,4,,,,,15,75,16
6/22/2019 2:22:21,Male,182,65,184,.5 - 1 years,V5,V3,27,24,2,6,0,,,,,,,
7/4/2019 0:45:56,Male,184,78,173,6 - 6.5 years,V6,,25,24,4,16,3,,,,,13,,50
7/20/2019 1:06:02,Male,177,73.5,177,7.5 - 8 years,V10,V6,,,4,4,7,52.5,55,,,,,
7/28/2019 12:21:28,Male,188,78,193,0 - .5 years,V3,V2,20,18,4,6,2,,,,,12,+10kg,50
9/20/2019 9:23:39,Male,184,80,184,2.5 - 3 years,V4,V5,24,22,3,6,3,,,,,14,+60,
9/25/2019 2:38:22,Male,176,54,178,.5 - 1 years,V6,V3,23,22,2,6,1,15kg,15kg,,,30,25kg,40?
9/25/2019 11:59:25,Male,170,65,173,0 - .5 years,V5,V4,22,19,3,4,1,0,0,18,18,30,30,30
10/15/2019 9:18:32,Male,178,80,178,.5 - 1 years,V4,V2,20,17,2,3,0,,,,,8,,
10/15/2019 10:06:36,Male,169,63,178,1 - 1.5 years,V6,V5,21,20,3,6,1,22,NA,10mm +0kg,NA,24,+70 lbs,NA
10/15/2019 10:47:09,Male,168.5,76,178,.5 - 1 years,V5,V3,23,20,1,4,4,,,,,30,,75
10/15/2019 10:49:41,Male,173,70,174,2.5 - 3 years,V6,V6,22,20,3,9,1,0,0,0,0,18,0,55
10/15/2019 10:57:07,Female,157,59,144,1.5 - 2 years,V4,V2,23,18,5,10,0,,,,,,,
10/15/2019 14:21:03,Male,173,76,168,6 - 6.5 years,V4,V3,22,20,4,16,1,0,10,16,12,12,15,20
10/15/2019 14:46:05,Male,190.5,70.3,190,1 - 1.5 years,V7,V6,25,22,3,7,3,25,,10,,20,20,30
10/15/2019 14:55:34,Male,170,73.66,168,0 - .5 years,V6,V3,,,4,14,3,,,,,18,10kg,30
10/15/2019 18:03:07,Female,176,56,169,2 - 2.5 years,V5,V3,21,18,3,6,1,"7,5",,,,12,5,15
10/15/2019 18:05:02,Male,183,70,184,.5 - 1 years,V6,V3,19,18,2,4,0,,,,,15,+10kg,75
10/15/2019 18:08:36,Female,170,56,171,.5 - 1 years,V6,V4,,,3,6,1,,,,,15,,30
10/15/2019 18:30:32,Male,183,72,180,1 - 1.5 years,V6,V4,25,22,3,9,0,,,,,14,,
10/15/2019 20:18:50,Male,175,65,174,5 - 5.5 years,V10,V8,31,29,5,10,5,,,,,33,25kg,52
10/15/2019 20:57:31,Male,165,68,175,5 - 5.5 years,V9,V9,,,3,3,3,45,50,8mm +10kg,8mm +5kg,24,35kg,50
10/15/2019 21:04:57,Male,188,77,191,.5 - 1 years,V4,V3,20,19,3,8,1,,,,,7,1,25
10/15/2019 21:05:50,Male,155,69,178,.5 - 1 years,V5,V2,32,28,3,4,1,,,,,7,,17
10/15/2019 21:07:26,Male,181,75,190,2 - 2.5 years,V5,V4,24,20,3,9,2,n/a,n/a,n/a,n/a,19,15 kg,50
10/15/2019 21:30:43,Male,178,78kg,?,4 - 4.5 years,V6,V4,,,3,3,3,13.6,,20mm,,4,,15
10/15/2019 22:38:26,Male,180,68,185,13 - 13.5 years,V9,V5,28,24,5,5,8,-12kg one arm,,12mm +8kg 2 arm,,,,30ish
10/15/2019 22:45:44,Male,177.8,68,178,4 - 4.5 years,V7,V5,25,24,3,5,1,40,40,6,10,,40 kg,
10/15/2019 23:44:10,Female,163,56,168,2 - 2.5 years,V5,V3,26,24,4,10,1,,,,,15,,
10/15/2019 23:55:47,Male,173,65,177,4.5 - 5 years,V10,V6,28,25,3,2,5,,,,,12,,
10/16/2019 0:14:14,Male,178,65,180,.5 - 1 years,V5,V3,21,19,2,7,1,,,,,12,8kg,33
10/16/2019 0:36:37,Male,185,74,185,12.5 - 13 years,V7,V5,25,21,4,12,1,15 lbs,10 lbs,,,15,15 lbs,35
10/16/2019 0:46:34,Male,185,75,187,1.5 - 2 years,V7,V5,26,21,3,9,2,,,,,17,30,27
10/16/2019 1:03:00,Male,175,68,175,0 - .5 years,V5,V4,19,18,3,9,2,,,,,14,+ 20 pounds,
10/16/2019 1:06:26,Male,172.72,81.647,170,.5 - 1 years,V8,V5,22,19,3,14,0,,,,,,,
10/16/2019 1:18:11,Male,176,78,80,1 - 1.5 years,V4,V3,20,17,3,4,4,,,,,10,,20
10/16/2019 1:19:00,Male,175,72,177,1.5 - 2 years,V8,V5,26,24,4,8,0,25,,,,20,28,50
10/16/2019 2:03:19,Male,178,76,175,1.5 - 2 years,V8,V5,26,22,3,7,3,0,20,,,10,20,10
10/16/2019 2:57:31,Male,172.72,64.5,68,3 - 3.5 years,V7,V4,27,24,3,4,0,,,,,,,
10/16/2019 3:37:34,Male,175,63,176,1 - 1.5 years,V6,V4,,,4,8,2,,,,,15,,25
10/16/2019 3:47:56,Male,164,65,168,1 - 1.5 years,V6,V4,20,17,3,7,1,,,,,10,40 added,30
10/16/2019 4:27:32,Male,180,63.5,175,2 - 2.5 years,V5,V3,23,19,2,4,2,,,,,12,30,20
10/16/2019 6:04:18,Male,180,70,180,3.5 - 4 years,V11,V9,,,4,5,4,10,10,10,10,30,25,40
10/16/2019 6:04:53,Male,173,67,176,.5 - 1 years,V5,V3,,,3,6,5,20,,,,13,32.5,25
10/16/2019 9:27:01,Male,181,78,175,.5 - 1 years,V4,V2,,,3,5,0,,,,,2,,
10/16/2019 10:21:40,Male,175,68,175,14.5 - 15 years,V8,V7,28,27,1,3,3,,,8,10,30,35kg,
10/16/2019 13:56:43,Female,156,53,152.4,0 - .5 years,V5,V4,23,19,3,2,0,,,,,,,
10/16/2019 15:08:13,Female,169,65,174,0 - .5 years,V4,V2,22,18,2,4,1,,,,,2,,
10/16/2019 15:29:46,Male,178,71,182,2 - 2.5 years,V8,V4,,,3,6,0,30 kg added,,,,,,
10/16/2019 21:55:17,Male,162,56,162,2.5 - 3 years,V8,V6,26,23,4,12,3,,,,,30,,
10/16/2019 22:58:13,Male,189,75,189,.5 - 1 years,V5,V2,21,19,2,3,2,,,,,,,30
10/17/2019 1:00:47,Female,162.5,59,161,1.5 - 2 years,V4,V2,,,2,3,0,,,,,3,Unknown,10?
10/17/2019 3:27:18,Male,170,65,173,13 - 13.5 years,V10,V7,29,25,4,8,3,,,,,,,
10/17/2019 8:20:53,Male,180,72,185,7.5 - 8 years,V7,V6,29,27,4,9,6,16,16,10,10,18,20,20
10/17/2019 9:22:13,Male,180,75,180,1.5 - 2 years,V5,V3,21,19,0,5,0,,,,,7,,
10/17/2019 22:36:57,Male,170,70,170,.5 - 1 years,V5,V4,24,22,5,15,5,15,2.5,6mm,20mm,15,17.5,35
10/18/2019 2:06:13,Male,181,180,185,0 - .5 years,V4,V2,20,18,3,2,10,2.5,0,18,18,28,27 kg,137
10/18/2019 2:11:58,Male,170,66,170,.5 - 1 years,,,23,20,3,6,6,18,0,8mm,16mm,25,36,35
10/18/2019 3:15:42,Male,188,80,191,2.5 - 3 years,V7,V4,20,17,3,8,1,30,30,11,11,15,103,43
10/18/2019 10:19:58,Male,188,71,185,2.5 - 3 years,V9,V6,,,4,7,4,38,,,,20,25,
10/20/2019 15:21:34,Male,183,155,195,3.5 - 4 years,V4,V2,,,2,5,0,,,,,20,,
10/22/2019 7:45:41,Male,167.64,60.328,169,.5 - 1 years,V5,V3,28,24,3,5,1,,,,,5,,20
11/4/2019 5:17:28,Male,171,67.2,167,More than 15 years,V12,V8,,,3,5,4,36.3,25,7mm 6.5,10 mm +21,Unknown ,Unknown unknown ,Unknown 
11/12/2019 16:54:03,Male,178,77,178,.5 - 1 years,V6,V4,24,23,3,9,2,,,,,13,30,30
11/14/2019 3:39:24,Male,183,68.3,186,0 - .5 years,V5,V3,24,22,5,7,4,,,,,15,,50
11/16/2019 19:48:43,Male,173,60,175,4.5 - 5 years,V10,V7,27,25,4,6,12,45,45,6,6,18,5,20
12/13/2019 6:49:15,Female,169,65,168,More than 15 years,V5,V3,22,18,1,2,0,,,,,1,,15
12/25/2019 10:29:26,Male,175,57,175,1.5 - 2 years,V11,V8,30,28,3,10,2,36,,"8mm, 8kg",,23,70lb,35
12/28/2019 2:42:50,Male,178,71,185,11 - 11.5 years,V8,V6,,,3,3,1,55,,8,20,18,,
1/9/2020 1:50:45,Male,179,69,185,More than 15 years,V9,V5,25,20,3,10,3,90,90,,,25,,
1/21/2020 6:41:11,Male,178,60,178,8 - 8.5 years,V8,V6,25,22,2,5,1,70,70,6,6,25,60,30
1/26/2020 7:33:07,Male,180,73,183,5 - 5.5 years,V8,V4,25,20,2,5,2,,,,,20,40kg,25
2/6/2020 5:32:29,Male,178,75,166,1.5 - 2 years,V4,V2,22,19,2,1,5,,,,,7,,
2/18/2020 7:56:55,Male,185,82,188,.5 - 1 years,V5,V2,,,2,6,6,0,0,0,0,15,don't know,50
3/1/2020 9:23:50,Male,178,72,178,1.5 - 2 years,V6,V4,24,20,4,10,2,25,,,,,25,
3/10/2020 16:42:52,Male,179,82,182,2 - 2.5 years,V5,V3,,,4,13,1,0,0,20,20,9,5kg,20
3/25/2020 14:10:54,Male,185.3,87,188,0 - .5 years,V5,V3,24,21,3,12,4,17,17,12,12,14,20,35
3/26/2020 3:22:45,Male,178,68,178,.5 - 1 years,V5,V4,22,19,3,1,2,10,0,10,12,12,,20
4/3/2020 12:25:50,Male,172,65.7,172,5.5 - 6 years,V9,V7,28,26,4,10,0,21,,,,,70,
4/10/2020 14:19:19,Male,182,70,190.5,5 - 5.5 years,V7,V5,,,3,5,3,na,na,7,na,25,,30
4/11/2020 8:32:22,Male,170,68,170,1 - 1.5 years,V4,V2,20,18,1,2,1,,,,,6,,10
4/17/2020 1:43:57,Male,192,75,198,.5 - 1 years,V6,V4,,,3,7,7,,,,,15,25 kg,20
4/26/2020 11:15:28,Female,160,45,161,3.5 - 4 years,V8,V6,28,,4,8,3,,27,8mm no added weight,8mm no added weight ,20,20kg,30
5/6/2020 13:54:59,Male,173,61.235,173,2 - 2.5 years,V5,V4,29,27,3,4,1,,,,,,,
5/13/2020 1:04:32,Male,178,70,187,More than 15 years,V12,V7,30,24,3,10,3,45,70,8mm,6mm,30,45,70
5/13/2020 9:48:02,Female,172,62,175,More than 15 years,V5,V2,25,20,3,12,12,-6,-7,,,0,,0
5/16/2020 5:12:51,Male,170,65,171,2.5 - 3 years,V10,V8,25,22,3,10,1,40kg,35kg,6mm,8mm,20,25kg,
5/27/2020 21:11:40,Male,173,73,182,.5 - 1 years,V5,V4,,,3,10,5,7.5,7.5,12,12,9,15,50
5/30/2020 13:50:28,Male,174.3,61.7,182,2.5 - 3 years,V5,V4,,,1,4,3,,,,,20+,,
6/11/2020 9:47:09,Male,188,86,203,1.5 - 2 years,V5,V4,,,2,4,2,29,,12,,18,,
7/6/2020 4:56:31,Male,193,91.5,193,4 - 4.5 years,V7,V6,,,2,4,4,22.5,,,,,,
7/6/2020 11:55:24,Male,172.72,55,177.8,.5 - 1 years,V4,V3,,,2,12,0,,,,,17,45 lbs,43
7/14/2020 6:12:39,Male,180,81,182,9.5 - 10 years,V7,V4,29,25,3,8,4,35,40,8,8,,,
7/25/2020 1:21:07,Male,110,60,110,1 - 1.5 years,V6,V5,16,22,5,11,10,60,123,10,312,30,150,150
7/26/2020 2:07:46,Male,180,68,182,1 - 1.5 years,V6,V4,,,3,12,10,20,40,"14, 16kg",10,15,25.5kg,25
8/2/2020 7:58:36,Male,182,76,200,4 - 4.5 years,V9,V7,31,27,3,6,7,36,32,4,6,27,45,120
8/8/2020 0:07:34,Male,186,74,191,9.5 - 10 years,V9,V5,,,3,4,4,30,25,,,15,25,25
8/23/2020 6:42:37,Male,178,75,195,1 - 1.5 years,V3,V3,24,19,2,5,0,,,,,,,
8/24/2020 5:48:35,Male,187,80,182,3 - 3.5 years,V2,V1,18,15,2,4,0,,,,,5,-10,10
9/7/2020 3:58:24,Female,165,52,172,12.5 - 13 years,V8,V4,28,,5,12,10,28,Don’t know,6mm,Don’t know,15,8kg,12
9/11/2020 7:14:24,Male,168,61.6,168,3 - 3.5 years,V9,V6,,,3,9,3,50,50,6,6,,25,
9/16/2020 9:52:00,Male,183,68,183,More than 15 years,V6,V4,25,23,3,7,0,100,,,,,,
10/11/2020 6:20:54,Male,173,69,155,More than 15 years,V7,V5,26,20,3,2,6,,,,,,,
10/21/2020 2:47:59,Male,182,78,193,.5 - 1 years,V5,V5,24,21,4,10,0,5,0,15,18,18,,30
10/31/2020 7:13:02,Male,190,77,200,8 - 8.5 years,V8,V4,28,26,6,8,4,17,17,10,10,15,9,20
11/10/2020 20:57:45,Male,170,62,170,5 - 5.5 years,V11,V8,30,29,3,5,3,,,,,,,
11/17/2020 0:02:48,Male,160,56,165,11 - 11.5 years,V8,V5,31,28,3,11,10,36 kg,I forget but I think it's stronger than open crimp,unsure (rarely use min edge),unsure,"The most I've gotten was 35ish but I don't usually try, it seems useless",32 kg,No idea
11/17/2020 10:11:58,Male,180,72,75,6.5 - 7 years,V11,V8,27,24,4,15,1,50,50,7mm,7mm,23,90,39
11/23/2020 1:48:46,Male,182,78,188,1 - 1.5 years,V7,V6,,,5,10,2,-,-,-,-,20,20 kg,40
12/29/2020 15:34:37,Male,160,56,165,11 - 11.5 years,V8,V5,31,28,4,12,6,,43,6mm,Idk,Idk,75lbs,Idk
1/19/2021 1:16:01,Male,182,84,193,2.5 - 3 years,V7,V6,21,21,4,8,4,32kg,35kg,10mm,12mm,12,40,10
2/5/2021 8:08:30,Male,185,77,189,3.5 - 4 years,V8,V5,,,3,8,10,29,43,7mm,10mm,23,250,85
2/23/2021 0:02:06,Male,174,59,177,4 - 4.5 years,V11,V8,,,4,10,3,,,,,22,,40
3/22/2021 19:02:38,Male,180,71,180,1 - 1.5 years,V5,V3,30,28,2,4,0,,,,,10,15kg,20
3/25/2021 8:40:43,Male,177,78,180,1 - 1.5 years,V1,V1,27,27,3,3,4,25,15,12,15,15,35,15
4/8/2021 5:13:14,Female,158.75,58.96,155,2.5 - 3 years,V3,V1,22,19,1,2,1,,,,,1,,20
4/18/2021 15:47:45,Male,172,65,182,More than 15 years,V6,V6,27,24,3,10,4,,27,,,70,,30
4/28/2021 17:33:29,Male,176,76,177,13.5 - 14 years,V7,V3,26,21,2,8,0,,,,,25,20.5 kg,45
4/29/2021 18:00:57,Male,181,68,181,1.5 - 2 years,V4,V3,22,20,3,8,1,,,,,13,,30
6/23/2021 6:05:22,Male,172,82.5,191.7,2 - 2.5 years,V7,V5,22,19,2,4,2,,,,,,,
7/3/2021 19:34:53,Male,165,63,165,8.5 - 9 years,V11,V9,31,30,4,12,4,50,50,6,6,10,40,30
7/4/2021 5:12:16,Male,164,68,164,4.5 - 5 years,V5,V4,29,25,2,3,4,40,40,6mm,8mm,25,40kg,70/1min
7/6/2021 7:03:56,Male,178,65,182,3.5 - 4 years,V7,V5,27,23,3,4,2,,,,,30,,
7/7/2021 8:38:03,Male,172,53,172,7 - 7.5 years,V9,V6,,,2,6,3,41.25,41.25,6,6,15,25,25
7/12/2021 1:01:29,Male,180,78,180,More than 15 years,V10,V8,14,,3,4,4,,,,,,,
8/22/2021 13:39:42,Male,180,63.5,181,1 - 1.5 years,V4,V3,22,18,1,2,1,36,20,5mm,10mm,20,30,30
10/16/2021 10:27:30,Male,172,57,172,2 - 2.5 years,V6,V4,26,24,2,4,2,,,,,15,,
11/21/2021 5:42:53,Male,201.1,89,186,2.5 - 3 years,V9,V7,25,24,4,6,2,70,50,8mm,10mm,30,80lbs,55
1/3/2022 20:56:00,Male,186,67,191,14 - 14.5 years,V9,V6,,,1,4,4,27,23,8,12,17,20,30
3/24/2022 22:54:50,Male,187,63,190,5.5 - 6 years,V8,V6,29,25,3,6,2,23,25,10,12,21,+25,20
4/4/2022 13:58:48,Male,183,84,185,1.5 - 2 years,V9,V5,23,19,3,12,0,20,10,6,6,15,,
4/23/2022 1:33:55,Male,173,68,173,8 - 8.5 years,V12,V10,29,27,4,10,4,150,100,6,10,25,110,30
4/29/2022 2:31:04,Male,186,73,192,1 - 1.5 years,V5,V4,,,3,9,0,25,25,15,15,,,
6/12/2022 21:32:59,Male,181,75,180,More than 15 years,V9,V5,29,27,3,8,1,62,66,18,,12,,20
7/22/2022 5:52:04,Male,173,70,173,0 - .5 years,V4,V2,,,1,3,4,,,,,20,,
9/5/2022 5:14:39,Male,178,67,183,.5 - 1 years,V8,V5,,,5,15,3,35,50,10,,,25,
11/13/2022 10:22:53,Female,168,62,168,11.5 - 12 years,V8,V4,29,21,3,3,3,,38,,6mm,,20,
12/26/2022 12:36:54,Male,173,67,173,1 - 1.5 years,V5,V3,24,21,3,6,0,,,,,8,,
1/16/2023 8:12:11,Female,159,54,161,More than 15 years,V9,V6,,,3,5,5,17,17,12,12,8,,
1/25/2023 9:47:49,Male,179,78,178,0 - .5 years,V3,V2,22,20,3,2,0,,,,,,,
1/30/2023 11:00:42,Female,150,49,150,1 - 1.5 years,V3,V2,,,2,4,0,,,,,,,
2/19/2023 3:31:04,Male,8,889,60,2.5 - 3 years,V4,V3,19,17,4,7,10,65,70,5,7,,,
2/23/2023 23:54:46,Male,175,65,175,7 - 7.5 years,V5,V4,24,22,1,2,0,,,,,25,25,40
5/17/2023 4:18:56,Male,172,72,181,.5 - 1 years,V7,V6,,,3,6,2,30,29,"8, 4",,19,33,42
5/18/2023 9:39:18,Male,183,75,183,1.5 - 2 years,V4,V2,24,19,3,7,1,10,8,15,,15,25,
6/4/2023 0:58:27,Male,183,77,192,.5 - 1 years,V8,V4,,,3,7,0,,,,,Don't know,Don't know,Don't know
7/1/2023 7:05:02,Male,174,64,178,12 - 12.5 years,V8,V6,26,24,3,5,12,25,20,"8, +6",12,14,+18kg,17
7/26/2023 22:41:51,Female,168,62,40,0 - .5 years,V2,V1,,,1,2,1,0,,,,,,
8/10/2023 13:24:51,Male,180,60,175,0 - .5 years,V6,V4,,,2,3,0,,,,,4,:(,20
8/10/2023 13:34:47,Male,169,58,169,.5 - 1 years,V7,V5,,,2,3,0,0,0,0,0,16,11,15
8/31/2023 0:42:05,Male,168,62,172,2 - 2.5 years,V4,V2,20,17,2,0,4,0,0,14,20,6,,
9/12/2023 14:48:50,Male,181,80,184,1 - 1.5 years,V6,V3,,,2,5,2,,40,6,6,18,75lbs,50
9/14/2023 22:12:29,Male,182,65,182,3 - 3.5 years,V12,V10,,,4,8,8,60,55,8mm +35kg,never tried,25 maybe ,5x 38kg,Dont know 
9/25/2023 0:58:57,Male,170,85,170,.5 - 1 years,V5,V4,,,6,8,4,10,15,,,12,20,40
10/22/2023 4:18:00,Male,183,70,181,4.5 - 5 years,V7,V5,27,24,3,9,1,,,,,13,,30
11/6/2023 23:16:05,Male,171,65,177,1.5 - 2 years,V8,V6,26,23,2,5,4,23,0,0,0,12,25,10
11/14/2023 13:22:09,Male,167.6,54.4,160,3 - 3.5 years,V7,V3,22,18,1,2,1,,,,,10,,36
11/28/2023 5:37:05,Male,1.75,66,1.8,.5 - 1 years,V7,V5,25,22,4,5,3,25kg,35kg,10mm,10mm,32,35kg,45
12/21/2023 23:29:51,Male,196,75,199,3 - 3.5 years,V10,V8,,,3,13,0,50,,,,23,35,50
1/2/2024 9:21:16,Female,152,38.4,154,5.5 - 6 years,V7,V5,28,26,5,12,3,,,,,17,,44
1/12/2024 21:20:58,Male,184,82,190,4 - 4.5 years,V8,V4,28,25,2,5,3,16.5,,,,16,24,
1/23/2024 12:15:07,Male,177,50,177,3.5 - 4 years,V6,V4,21,20,2,4,1,25KG,20KG,6mm,10mm,18,10kg,30
1/26/2024 4:29:27,Male,186,83,186,1.5 - 2 years,V6,V3,19,17,2,2,1,,,20,,28,41,60
1/30/2024 8:37:39,Male,178,74,190,12.5 - 13 years,V8,V6,30,27,3,5,4,40,40,,,1,,
2/19/2024 9:50:55,Male,182,77,178.8,1.5 - 2 years,V5,V3,19,15,2,4,0,2.5,,,,7,,30
3/5/2024 19:32:55,Female,169.2,61,169.2,2 - 2.5 years,V5,V3,24,21,2,4,1,,,,,9,,32
3/13/2024 23:44:14,Male,173,73,172,3 - 3.5 years,V4,V3,21,18,3,6,2,,10,,,8,5,20
3/21/2024 3:28:42,Male,175,70,185,1.5 - 2 years,V6,V3,,,2,6,0,,,,,8,,30
3/24/2024 7:59:08,Male,175,63,181,0 - .5 years,V6,V2,,,1,3,4,5,5,15,15,15,15,45
3/27/2024 2:18:12,Female,163,63,65,0 - .5 years,V5,V4,19,18,2,4,0,,,,,13,,27
3/28/2024 8:58:34,Female,161,53,159,4 - 4.5 years,V7,V3,25,19,3,9,0,,,"20mm, +16kg",,3,0,5
4/14/2024 11:17:35,Male,180,53,200,0 - .5 years,V6,V5,24,20,3,8,2,0,0,,0,15,,25
4/22/2024 4:19:42,Male,184,74,194,4.5 - 5 years,V8,V6,28,26,2,3,5,38,15,"14, 20.5",,25,30,
5/18/2024 7:14:15,Male,190,107,190,3.5 - 4 years,V4,V3,27,25,1,3,0,I dont,I dont,I dont,I dont,0,0,20
5/20/2024 3:34:09,Male,170,70,170,1 - 1.5 years,V7,V4,,,3,9,8,34,,,,,23,
7/1/2024 8:27:49,Male,185,85,185,9 - 9.5 years,V7,V5,29,25,3,6,3,15,,,,13,30,15
7/19/2024 5:55:02,Male,150,38,150,1.5 - 2 years,V7,V4,,,5,13,3,,,6,7,12,7kg,15
8/21/2024 21:37:03,Female,173,67,180,2 - 2.5 years,,,24,22,2,3,2,,,,,2,1,15
9/4/2024 4:43:29,Male,182,66,182,2 - 2.5 years,V5,V4,24,19,2,4,3,,,,,10,,20
9/5/2024 6:10:30,Male,170,63,176,3.5 - 4 years,V5,V5,,,2,4,3,5,10,,,17,32,16
10/21/2024 21:47:55,Female,172,59,172,3 - 3.5 years,V4,V3,19,19,3,3,3,,,,,3,,
10/23/2024 22:53:56,Male,176,69,179,3 - 3.5 years,V8,V6,,,4,5,16,50,55,6mm,6mm,27,35,30
11/11/2024 5:18:20,Female,163,54,164,5.5 - 6 years,V8,V6,27,24,4,6,2,"17,5",?,?,?,15,15kg,?
11/13/2024 0:32:09,Male,174,65,160,10 - 10.5 years,,,25,20,1,4,2,17,17,0,0,12,20,12
11/24/2024 7:54:04,Male,186,84.09,186,0 - .5 years,V3,V2,,,2,4,6,,,,,14,60,45
12/15/2024 1:40:05,Male,190,83,196,.5 - 1 years,V7,V5,22,20,5,10,3,25,30,10,10,8,10,35
12/29/2024 12:15:17,Male,187,81,189,More than 15 years,V7,V5,25,21,2,8,3,,,,,12,20,30
1/17/2025 20:44:30,Male,169,68,153,10 - 10.5 years,V6,V4,24,20,2,4,2,25,25,"12, 12.5","12, 15",10,,40
1/19/2025 8:42:10,Female,170,64,172,2.5 - 3 years,V7,V3,24,18,4,10,2,0,0,20,,2,0,11
3/4/2025 9:17:21,Male,174,62,176,2.5 - 3 years,,,24,19,2,5,1,10,10,15,18,19,10,46
3/29/2025 14:33:42,Male,182.88,86.18,193.04,9.5 - 10 years,V8,V6,25,23,3,5,3,,138,,,13,,
5/27/2025 8:54:39,Male,175,75,186,6 - 6.5 years,V8,V5,25,,3,10,2,,,,,,,
5/29/2025 1:29:25,Male,178,80,183,1.5 - 2 years,V6,V3,22,18,2,5,2,0,0,20,20,12,,20
6/4/2025 22:05:03,Male,195,88,195,More than 15 years,V11,V8,32,29,3,6,0,40kg,,"10mm, 9kg",,19,,25
6/6/2025 8:12:08,Male,173,67,175,9 - 9.5 years,V10,V6,26,24,3,5,1,30,30,7,7,16,35kg,50
6/11/2025 20:42:50,Male,180,75.5,187,3 - 3.5 years,V9,V7,34,30,2,6,6,35,37,"14,23","14,25",30,45,50
10/26/2025 21:28:12,Male,164,44,162,1 - 1.5 years,V4,V2,,,2,4,1,13,,,,8,,20
11/11/2025 1:33:28,Male,173,68,171,5 - 5.5 years,V8,V5,,,3,6,2,34,30,6,6,15,30,30
11/12/2025 22:24:18,Male,168,68,168,13 - 13.5 years,V4,V3,18,15,3,6,3,0,0,0,0,10,0,40
1/24/2026 12:35:01,Male,175.25,56.7,176,7 - 7.5 years,V9,V7,30,24,2,3,2,20.4,,8mm,15mm 4.5kg,+30,22.7,+20
3/17/2026 7:24:12,Male,183,82,183,0 - .5 years,V6,V4,,,1,2,1,35,,"10, 5",,22,30,50
3/19/2026 20:53:55,Male,167.64,58.967,170.18,3.5 - 4 years,V8,V6,24,24,3,6,1,,,15,20,10,,20
4/7/2026 11:50:10,Male,172.2,72.7,181,More than 15 years,V8,V7,29,28,2,5,2,45,55,5,5,17,20kg,25